{"cameraMode":{"drawMode":0,"name":"Shaded","section":"Shading Mode"},"sceneLighting":true,"audioPlay":false,"sceneViewState":{"m_AlwaysRefresh":false,"showFog":true,"showSkybox":true,"showFlares":true,"showImageEffects":true,"showParticleSystems":true,"showVisualEffectGraphs":true,"m_FxEnabled":true},"in2DMode":false,"pivot":{"x":119.62168884277344,"y":13.040634155273438,"z":-113.58634948730469},"rotation":{"x":0.24324862658977509,"y":-0.316733181476593,"z":0.08438672870397568,"w":0.9129323959350586},"size":97.75996398925781,"orthographic":false}